{"cameraMode":{"drawMode":0,"name":"Shaded","section":"Shading Mode"},"sceneLighting":true,"audioPlay":false,"sceneViewState":{"showFog":false,"showMaterialUpdate":false,"showSkybox":false,"showFlares":false,"showImageEffects":false,"showParticleSystems":false},"in2DMode":false,"pivot":{"x":27.57061767578125,"y":-186.26126098632813,"z":179.63815307617188},"rotation":{"x":0.3885679244995117,"y":0.030937958508729936,"z":-0.01305482629686594,"w":0.9208080172538757},"size":278.9814147949219,"orthographic":false}