{"cameraMode":{"drawMode":0,"name":"Shaded","section":"Shading Mode"},"sceneLighting":true,"audioPlay":false,"sceneViewState":{"showFog":false,"showMaterialUpdate":false,"showSkybox":false,"showFlares":false,"showImageEffects":false,"showParticleSystems":false},"in2DMode":false,"pivot":{"x":14.139703750610352,"y":40.76407241821289,"z":-37.95514678955078},"rotation":{"x":0.39566314220428469,"y":0.010180709883570671,"z":-0.004385963082313538,"w":0.9183288812637329},"size":13.609806060791016,"orthographic":false}