{"cameraMode":{"drawMode":0,"name":"Shaded","section":"Shading Mode"},"sceneLighting":true,"audioPlay":false,"sceneViewState":{"showFog":false,"showMaterialUpdate":false,"showSkybox":false,"showFlares":false,"showImageEffects":false,"showParticleSystems":false},"in2DMode":false,"pivot":{"x":23.829212188720704,"y":-177.6137237548828,"z":180.52967834472657},"rotation":{"x":0.3707454204559326,"y":0.003329950850456953,"z":-0.0013288649497553707,"w":0.9287276864051819},"size":338.12957763671877,"orthographic":false}